{
  "name": "Full Stack Auto-Fix Environment",
  "image": "mcr.microsoft.com/devcontainers/universal:2",
  
  "features": {
    "ghcr.io/devcontainers/features/github-cli:1": {},
    "ghcr.io/devcontainers/features/node:1": {
      "version": "20"
    },
    "ghcr.io/devcontainers/features/python:1": {
      "version": "3.11"
    }
  },

  "postCreateCommand": "bash .devcontainer/setup.sh",

  "customizations": {
    "vscode": {
      "extensions": [
        "github.copilot",
        "esbenp.prettier-vscode",
        "dbaeumer.vscode-eslint",
        "ms-python.python"
      ],
      "settings": {
        "terminal.integrated.defaultProfile.linux": "bash"
      }
    }
  },

  "forwardPorts": [3000, 5173, 8080],

  "portsAttributes": {
    "3000": { "label": "Next.js / React" },
    "5173": { "label": "Vite" },
    "8080": { "label": "Backend" }
  }
}
